{"cameraMode":{"drawMode":0,"name":"Shaded","section":"Shading Mode"},"sceneLighting":true,"audioPlay":false,"sceneViewState":{"m_AlwaysRefresh":false,"showFog":true,"showSkybox":true,"showFlares":true,"showImageEffects":true,"showParticleSystems":true,"showVisualEffectGraphs":true,"m_FxEnabled":true},"in2DMode":false,"pivot":{"x":1.0705677270889283,"y":1.8673362731933594,"z":1.6139745712280274},"rotation":{"x":-0.0028571891598403455,"y":-0.9932808876037598,"z":0.11312083899974823,"w":-0.025038858875632287},"size":8.089845657348633,"orthographic":false}