{"cameraMode":{"drawMode":0,"name":"Shaded","section":"Shading Mode"},"sceneLighting":true,"audioPlay":false,"sceneViewState":{"m_AlwaysRefresh":false,"showFog":true,"showSkybox":true,"showFlares":true,"showImageEffects":true,"showParticleSystems":true,"showVisualEffectGraphs":true,"m_FxEnabled":true},"in2DMode":false,"pivot":{"x":406.7218322753906,"y":289.24560546875,"z":234.04962158203126},"rotation":{"x":-0.03389141708612442,"y":-0.005089220590889454,"z":0.0001849620894063264,"w":-0.9994472861289978},"size":393.9158630371094,"orthographic":false}